block128.java_method#1#6,/home/gesad/PycharmProjects/Diff/befores/spymemcached/before_8644_1/src/main/java/net/spy/memcached/protocol/binary/MultiGetOperationImpl.java_MultiGetOperationImpl#28#33
block394.java_method#1#7,/home/gesad/PycharmProjects/Diff/befores/spymemcached/before_8644_1/src/test/java/net/spy/memcached/transcoders/TranscoderUtilsTest.java_testByteOverflow#30#37,/home/gesad/PycharmProjects/Diff/befores/spymemcached/before_8644_1/src/test/java/net/spy/memcached/transcoders/TranscoderUtilsTest.java_testLongOverflow#48#55,/home/gesad/PycharmProjects/Diff/befores/spymemcached/before_8644_1/src/test/java/net/spy/memcached/transcoders/TranscoderUtilsTest.java_testIntOverflow#39#46,/home/gesad/PycharmProjects/Diff/befores/spymemcached/before_8644_1/src/test/java/net/spy/memcached/transcoders/TranscoderUtilsTest.java_testBooleanOverflow#21#28
block331.java_method#1#9,/home/gesad/PycharmProjects/Diff/befores/spymemcached/before_8644_1/src/test/java/net/spy/memcached/LongClientTest.java_testParallelGet#21#69
block307.java_method#1#6,/home/gesad/PycharmProjects/Diff/befores/spymemcached/before_8644_1/src/test/java/net/spy/memcached/CASMutatorTest.java_testCASUpdateWithNullInitialNoExistingVal#58#63
block98.java_method#1#8,/home/gesad/PycharmProjects/Diff/befores/spymemcached/before_8644_1/src/main/java/net/spy/memcached/protocol/ascii/BaseGetOpImpl.java_BaseGetOpImpl#46#54
block22.java_method#1#10,/home/gesad/PycharmProjects/Diff/befores/spymemcached/before_8644_1/src/main/java/net/spy/memcached/HashAlgorithm.java_computeMd5#137#146
block25.java_method#1#6,/home/gesad/PycharmProjects/Diff/befores/spymemcached/before_8644_1/src/main/java/net/spy/memcached/KetamaIterator.java_nextHash#38#45
block325.java_method#1#9,/home/gesad/PycharmProjects/Diff/befores/spymemcached/before_8644_1/src/test/java/net/spy/memcached/KetamaNodeLocatorTest.java_testLookupsClone#54#62
block129.java_method#1#11,/home/gesad/PycharmProjects/Diff/befores/spymemcached/before_8644_1/src/main/java/net/spy/memcached/protocol/binary/MultiGetOperationImpl.java_addKey#38#48
block84.java_method#1#45,/home/gesad/PycharmProjects/Diff/befores/spymemcached/before_8644_1/src/main/java/net/spy/memcached/ops/BaseOperationFactory.java_clone#23#74
block250.java_method#1#8,/home/gesad/PycharmProjects/Diff/befores/spymemcached/before_8644_1/src/main/java/net/spy/memcached/vbucket/config/DefaultConfig.java_compareTo#92#123,/home/gesad/PycharmProjects/Diff/befores/spymemcached/before_8644_1/src/main/java/net/spy/memcached/vbucket/config/CacheConfig.java_compareTo#75#108
block220.java_method#1#13,/home/gesad/PycharmProjects/Diff/befores/spymemcached/before_8644_1/src/main/java/net/spy/memcached/vbucket/BucketUpdateResponseHandler.java_messageReceived#31#67
block203.java_method#1#7,/home/gesad/PycharmProjects/Diff/befores/spymemcached/before_8644_1/src/main/java/net/spy/memcached/transcoders/TranscoderUtils.java_decodeLong#46#52
block187.java_method#1#7,/home/gesad/PycharmProjects/Diff/befores/spymemcached/before_8644_1/src/main/java/net/spy/memcached/tapmessage/ResponseMessage.java_getKey#133#139
block139.java_method#1#9,/home/gesad/PycharmProjects/Diff/befores/spymemcached/before_8644_1/src/main/java/net/spy/memcached/protocol/binary/SASLBaseOperationImpl.java_SASLBaseOperationImpl#25#34
block358.java_method#1#12,/home/gesad/PycharmProjects/Diff/befores/spymemcached/before_8644_1/src/test/java/net/spy/memcached/TimeoutTest.java_initClient#11#23,/home/gesad/PycharmProjects/Diff/befores/spymemcached/before_8644_1/src/test/java/net/spy/memcached/TimeoutNowriteTest.java_initClient#22#34
block386.java_method#1#8,/home/gesad/PycharmProjects/Diff/befores/spymemcached/before_8644_1/src/test/java/net/spy/memcached/protocol/binary/OperatonTest.java_testIntegerDecode#12#21,/home/gesad/PycharmProjects/Diff/befores/spymemcached/before_8644_1/src/test/java/net/spy/memcached/protocol/binary/OperatonTest.java_testUnsignedIntegerDecode#23#32
block320.java_method#1#46,/home/gesad/PycharmProjects/Diff/befores/spymemcached/before_8644_1/src/test/java/net/spy/memcached/ErrorCodeTest.java_testErrorCodes#14#56
block257.java_method#1#12,/home/gesad/PycharmProjects/Diff/befores/spymemcached/before_8644_1/src/main/java/net/spy/memcached/vbucket/config/ConfigurationParserJSON.java_parseBuckets#66#79
block154.java_method#1#10,/home/gesad/PycharmProjects/Diff/befores/spymemcached/before_8644_1/src/main/java/net/spy/memcached/protocol/couch/NoDocsOperationImpl.java_handleResponse#24#42,/home/gesad/PycharmProjects/Diff/befores/spymemcached/before_8644_1/src/main/java/net/spy/memcached/protocol/couch/ReducedOperationImpl.java_handleResponse#24#42,/home/gesad/PycharmProjects/Diff/befores/spymemcached/before_8644_1/src/main/java/net/spy/memcached/protocol/couch/DocsOperationImpl.java_handleResponse#24#41
block75.java_method#1#15,/home/gesad/PycharmProjects/Diff/befores/spymemcached/before_8644_1/src/main/java/net/spy/memcached/internal/BulkGetFuture.java_internalGet#114#142
block297.java_method#1#7,/home/gesad/PycharmProjects/Diff/befores/spymemcached/before_8644_1/src/test/java/net/spy/memcached/BinaryClientTest.java_testCASPrependSuccess#62#68,/home/gesad/PycharmProjects/Diff/befores/spymemcached/before_8644_1/src/test/java/net/spy/memcached/BinaryClientTest.java_testCASAppendSuccess#46#52,/home/gesad/PycharmProjects/Diff/befores/spymemcached/before_8644_1/src/test/java/net/spy/memcached/BinaryClientTest.java_testCASPrependFail#54#60,/home/gesad/PycharmProjects/Diff/befores/spymemcached/before_8644_1/src/test/java/net/spy/memcached/BinaryClientTest.java_testCASAppendFail#38#44
block0.java_method#1#8,/home/gesad/PycharmProjects/Diff/befores/spymemcached/before_8644_1/src/main/java/net/spy/memcached/AddrUtil.java_getAddresses#21#51
block163.java_method#1#8,/home/gesad/PycharmProjects/Diff/befores/spymemcached/before_8644_1/src/main/java/net/spy/memcached/protocol/couch/RowWithDocs.java_RowWithDocs#6#14
block238.java_method#1#19,/home/gesad/PycharmProjects/Diff/befores/spymemcached/before_8644_1/src/main/java/net/spy/memcached/vbucket/ConfigurationProviderHTTP.java_urlConnBuilder#225#244
block174.java_method#1#23,/home/gesad/PycharmProjects/Diff/befores/spymemcached/before_8644_1/src/main/java/net/spy/memcached/protocol/couch/ViewsOperationImpl.java_parseDesignDocumentForViews#52#75,/home/gesad/PycharmProjects/Diff/befores/spymemcached/before_8644_1/src/main/java/net/spy/memcached/protocol/couch/ViewOperationImpl.java_parseDesignDocumentForView#53#82
block155.java_method#1#9,/home/gesad/PycharmProjects/Diff/befores/spymemcached/before_8644_1/src/main/java/net/spy/memcached/protocol/couch/NoDocsOperationImpl.java_handleResponse#24#42,/home/gesad/PycharmProjects/Diff/befores/spymemcached/before_8644_1/src/main/java/net/spy/memcached/protocol/couch/ReducedOperationImpl.java_handleResponse#24#42,/home/gesad/PycharmProjects/Diff/befores/spymemcached/before_8644_1/src/main/java/net/spy/memcached/protocol/couch/DocsOperationImpl.java_handleResponse#24#41,/home/gesad/PycharmProjects/Diff/befores/spymemcached/before_8644_1/src/main/java/net/spy/memcached/protocol/couch/ViewOperationImpl.java_handleResponse#31#51,/home/gesad/PycharmProjects/Diff/befores/spymemcached/before_8644_1/src/main/java/net/spy/memcached/protocol/couch/ViewsOperationImpl.java_handleResponse#31#50
block99.java_method#1#29,/home/gesad/PycharmProjects/Diff/befores/spymemcached/before_8644_1/src/main/java/net/spy/memcached/protocol/ascii/BaseGetOpImpl.java_handleLine#63#91
block303.java_method#1#7,/home/gesad/PycharmProjects/Diff/befores/spymemcached/before_8644_1/src/test/java/net/spy/memcached/BinaryIPV6ClientTest.java_getExpectedVersionSource#16#24,/home/gesad/PycharmProjects/Diff/befores/spymemcached/before_8644_1/src/test/java/net/spy/memcached/AsciiIPV6ClientTest.java_getExpectedVersionSource#16#24
block186.java_method#1#7,/home/gesad/PycharmProjects/Diff/befores/spymemcached/before_8644_1/src/main/java/net/spy/memcached/tapmessage/ResponseMessage.java_getItemExpiry#121#127
block350.java_method#1#19,/home/gesad/PycharmProjects/Diff/befores/spymemcached/before_8644_1/src/test/java/net/spy/memcached/TapTest.java_testTapDump#55#84
block356.java_method#1#6,/home/gesad/PycharmProjects/Diff/befores/spymemcached/before_8644_1/src/test/java/net/spy/memcached/TimeoutNowriteTest.java_testTimeoutDontwrite#36#78
block300.java_method#1#7,/home/gesad/PycharmProjects/Diff/befores/spymemcached/before_8644_1/src/test/java/net/spy/memcached/BinaryClientTest.java_syncGetTimeoutsInitClient#94#107,/home/gesad/PycharmProjects/Diff/befores/spymemcached/before_8644_1/src/test/java/net/spy/memcached/ProtocolBaseCase.java_syncGetTimeoutsInitClient#585#597,/home/gesad/PycharmProjects/Diff/befores/spymemcached/before_8644_1/src/test/java/net/spy/memcached/TapTest.java_initClient#15#27,/home/gesad/PycharmProjects/Diff/befores/spymemcached/before_8644_1/src/test/java/net/spy/memcached/BinaryClientTest.java_initClient#12#24,/home/gesad/PycharmProjects/Diff/befores/spymemcached/before_8644_1/src/test/java/net/spy/memcached/MembaseClientTest.java_syncGetTimeoutsInitClient#37#50
block317.java_method#1#8,/home/gesad/PycharmProjects/Diff/befores/spymemcached/before_8644_1/src/test/java/net/spy/memcached/ConnectionFactoryTest.java_testQueueSizes#25#32
block158.java_method#1#10,/home/gesad/PycharmProjects/Diff/befores/spymemcached/before_8644_1/src/main/java/net/spy/memcached/protocol/couch/ReducedOperationImpl.java_handleResponse#24#42,/home/gesad/PycharmProjects/Diff/befores/spymemcached/before_8644_1/src/main/java/net/spy/memcached/protocol/couch/NoDocsOperationImpl.java_handleResponse#24#42,/home/gesad/PycharmProjects/Diff/befores/spymemcached/before_8644_1/src/main/java/net/spy/memcached/protocol/couch/DocsOperationImpl.java_handleResponse#24#41
block24.java_method#1#9,/home/gesad/PycharmProjects/Diff/befores/spymemcached/before_8644_1/src/main/java/net/spy/memcached/KetamaIterator.java_KetamaIterator#29#36
block326.java_method#1#7,/home/gesad/PycharmProjects/Diff/befores/spymemcached/before_8644_1/src/test/java/net/spy/memcached/KetamaNodeLocatorTest.java_testLibKetamaCompat#110#116
block327.java_method#1#7,/home/gesad/PycharmProjects/Diff/befores/spymemcached/before_8644_1/src/test/java/net/spy/memcached/KetamaNodeLocatorTest.java_testLibKetamaCompatTwo#142#3406
block260.java_method#1#8,/home/gesad/PycharmProjects/Diff/befores/spymemcached/before_8644_1/src/main/java/net/spy/memcached/vbucket/config/ConfigurationParserJSON.java_parseBucketFromJSON#87#124
block7.java_method#1#10,/home/gesad/PycharmProjects/Diff/befores/spymemcached/before_8644_1/src/main/java/net/spy/memcached/CASMutator.java_cas#79#128
block280.java_method#1#10,/home/gesad/PycharmProjects/Diff/befores/spymemcached/before_8644_1/src/test/java/net/spy/memcached/AddrUtilTest.java_testBrokenHost2#54#63,/home/gesad/PycharmProjects/Diff/befores/spymemcached/before_8644_1/src/test/java/net/spy/memcached/AddrUtilTest.java_testBrokenList#65#73,/home/gesad/PycharmProjects/Diff/befores/spymemcached/before_8644_1/src/test/java/net/spy/memcached/AddrUtilTest.java_testBrokenList2#75#83
block193.java_method#1#9,/home/gesad/PycharmProjects/Diff/befores/spymemcached/before_8644_1/src/main/java/net/spy/memcached/tapmessage/Util.java_valueToFieldOffest#39#46
block437.java_method#1#13,/home/gesad/PycharmProjects/Diff/befores/spymemcached/before_8644_1/src/test/manual/net/spy/memcached/test/TapBucketTest.java_main#26#73
block239.java_method#1#30,/home/gesad/PycharmProjects/Diff/befores/spymemcached/before_8644_1/src/main/java/net/spy/memcached/vbucket/ConfigurationProviderHTTP.java_readToString#252#280
block376.java_method#1#6,/home/gesad/PycharmProjects/Diff/befores/spymemcached/before_8644_1/src/test/java/net/spy/memcached/internal/CheckedOperationTimeoutExceptionTest.java_testNullOperation#31#36
block85.java_method#1#6,/home/gesad/PycharmProjects/Diff/befores/spymemcached/before_8644_1/src/main/java/net/spy/memcached/ops/MultiOperationCallback.java_complete#30#35
block118.java_method#1#9,/home/gesad/PycharmProjects/Diff/befores/spymemcached/before_8644_1/src/main/java/net/spy/memcached/protocol/binary/BinaryMemcachedNodeImpl.java_optimize#32#40
block161.java_method#1#8,/home/gesad/PycharmProjects/Diff/befores/spymemcached/before_8644_1/src/main/java/net/spy/memcached/protocol/couch/RowNoDocs.java_RowNoDocs#6#14
block379.java_method#1#6,/home/gesad/PycharmProjects/Diff/befores/spymemcached/before_8644_1/src/test/java/net/spy/memcached/internal/SingleElementInfiniteIteratorTest.java_testHasNextAndNext#16#21
block207.java_method#1#61,/home/gesad/PycharmProjects/Diff/befores/spymemcached/before_8644_1/src/main/java/net/spy/memcached/transcoders/WhalinTranscoder.java_encode#95#156,/home/gesad/PycharmProjects/Diff/befores/spymemcached/before_8644_1/src/main/java/net/spy/memcached/transcoders/SerializingTranscoder.java_encode#105#153
block196.java_method#1#9,/home/gesad/PycharmProjects/Diff/befores/spymemcached/before_8644_1/src/main/java/net/spy/memcached/transcoders/LongTranscoder.java_decode#26#34
block173.java_method#1#21,/home/gesad/PycharmProjects/Diff/befores/spymemcached/before_8644_1/src/main/java/net/spy/memcached/protocol/couch/ViewsOperationImpl.java_handleResponse#31#50
block1.java_method#1#11,/home/gesad/PycharmProjects/Diff/befores/spymemcached/before_8644_1/src/main/java/net/spy/memcached/AddrUtil.java_getAddresses#53#71
block256.java_method#1#10,/home/gesad/PycharmProjects/Diff/befores/spymemcached/before_8644_1/src/main/java/net/spy/memcached/vbucket/config/ConfigurationParserJSON.java_loadPool#53#64
block232.java_method#1#15,/home/gesad/PycharmProjects/Diff/befores/spymemcached/before_8644_1/src/main/java/net/spy/memcached/vbucket/ConfigurationProviderHTTP.java_readPools#99#153
block233.java_method#1#13,/home/gesad/PycharmProjects/Diff/befores/spymemcached/before_8644_1/src/main/java/net/spy/memcached/vbucket/ConfigurationProviderHTTP.java_readPools#99#153
block432.java_method#1#11,/home/gesad/PycharmProjects/Diff/befores/spymemcached/before_8644_1/src/test/manual/net/spy/memcached/test/SASLConnectReconnect.java_main#70#102
block210.java_method#1#11,/home/gesad/PycharmProjects/Diff/befores/spymemcached/before_8644_1/src/main/java/net/spy/memcached/util/DefaultKetamaNodeLocatorConfiguration.java_getSocketAddressForNode#28#46
block348.java_method#1#15,/home/gesad/PycharmProjects/Diff/befores/spymemcached/before_8644_1/src/test/java/net/spy/memcached/TapTest.java_testBackfill#29#53,/home/gesad/PycharmProjects/Diff/befores/spymemcached/before_8644_1/src/test/java/net/spy/memcached/TapTest.java_testTapDump#55#84,/home/gesad/PycharmProjects/Diff/befores/spymemcached/before_8644_1/src/test/manual/net/spy/memcached/test/TapBucketTest.java_main#26#73
block283.java_method#1#9,/home/gesad/PycharmProjects/Diff/befores/spymemcached/before_8644_1/src/test/java/net/spy/memcached/AddrUtilTest.java_testNullList#85#93
block140.java_method#1#6,/home/gesad/PycharmProjects/Diff/befores/spymemcached/before_8644_1/src/main/java/net/spy/memcached/protocol/binary/SASLBaseOperationImpl.java_initialize#36#50
block296.java_method#1#7,/home/gesad/PycharmProjects/Diff/befores/spymemcached/before_8644_1/src/test/java/net/spy/memcached/BinaryClientTest.java_testCASPrependFail#54#60,/home/gesad/PycharmProjects/Diff/befores/spymemcached/before_8644_1/src/test/java/net/spy/memcached/BinaryClientTest.java_testCASAppendFail#38#44,/home/gesad/PycharmProjects/Diff/befores/spymemcached/before_8644_1/src/test/java/net/spy/memcached/BinaryClientTest.java_testCASPrependSuccess#62#68,/home/gesad/PycharmProjects/Diff/befores/spymemcached/before_8644_1/src/test/java/net/spy/memcached/BinaryClientTest.java_testCASAppendSuccess#46#52
block100.java_method#1#6,/home/gesad/PycharmProjects/Diff/befores/spymemcached/before_8644_1/src/main/java/net/spy/memcached/protocol/ascii/BaseGetOpImpl.java_handleRead#93#160
block247.java_method#1#8,/home/gesad/PycharmProjects/Diff/befores/spymemcached/before_8644_1/src/test/java/net/spy/memcached/MockMemcachedNode.java_equals#24#42,/home/gesad/PycharmProjects/Diff/befores/spymemcached/before_8644_1/src/main/java/net/spy/memcached/vbucket/ReconfigurableObserver.java_equals#28#38,/home/gesad/PycharmProjects/Diff/befores/spymemcached/before_8644_1/src/main/java/net/spy/memcached/vbucket/config/Node.java_equals#29#41,/home/gesad/PycharmProjects/Diff/befores/spymemcached/before_8644_1/src/main/java/net/spy/memcached/vbucket/config/Bucket.java_equals#41#53
block267.java_method#1#6,/home/gesad/PycharmProjects/Diff/befores/spymemcached/before_8644_1/src/main/java/net/spy/memcached/vbucket/config/DefaultConfigFactory.java_parseEpJSON#105#131
block249.java_method#1#10,/home/gesad/PycharmProjects/Diff/befores/spymemcached/before_8644_1/src/main/java/net/spy/memcached/vbucket/config/DefaultConfig.java_compareTo#92#123,/home/gesad/PycharmProjects/Diff/befores/spymemcached/before_8644_1/src/main/java/net/spy/memcached/vbucket/config/CacheConfig.java_compareTo#75#108
block206.java_method#1#56,/home/gesad/PycharmProjects/Diff/befores/spymemcached/before_8644_1/src/main/java/net/spy/memcached/transcoders/WhalinTranscoder.java_decode#38#93
block244.java_method#1#22,/home/gesad/PycharmProjects/Diff/befores/spymemcached/before_8644_1/src/main/java/net/spy/memcached/vbucket/VBucketNodeLocator.java_fillNodesEntries#113#127
block221.java_method#1#10,/home/gesad/PycharmProjects/Diff/befores/spymemcached/before_8644_1/src/main/java/net/spy/memcached/vbucket/BucketUpdateResponseHandler.java_logResponse#69#93
block313.java_method#1#7,/home/gesad/PycharmProjects/Diff/befores/spymemcached/before_8644_1/src/test/java/net/spy/memcached/ClientBaseCase.java_stringify#34#40
block294.java_method#1#7,/home/gesad/PycharmProjects/Diff/befores/spymemcached/before_8644_1/src/test/java/net/spy/memcached/BinaryClientTest.java_testCASAppendFail#38#44,/home/gesad/PycharmProjects/Diff/befores/spymemcached/before_8644_1/src/test/java/net/spy/memcached/BinaryClientTest.java_testCASPrependFail#54#60,/home/gesad/PycharmProjects/Diff/befores/spymemcached/before_8644_1/src/test/java/net/spy/memcached/BinaryClientTest.java_testCASAppendSuccess#46#52,/home/gesad/PycharmProjects/Diff/befores/spymemcached/before_8644_1/src/test/java/net/spy/memcached/BinaryClientTest.java_testCASPrependSuccess#62#68
block264.java_method#1#11,/home/gesad/PycharmProjects/Diff/befores/spymemcached/before_8644_1/src/main/java/net/spy/memcached/vbucket/config/DefaultConfigFactory.java_create#19#38
block195.java_method#1#7,/home/gesad/PycharmProjects/Diff/befores/spymemcached/before_8644_1/src/main/java/net/spy/memcached/transcoders/IntegerTranscoder.java_decode#26#32
block405.java_method#1#7,/home/gesad/PycharmProjects/Diff/befores/spymemcached/before_8644_1/src/test/java/net/spy/memcached/vbucket/VBucketCacheNodeLocatorTest.java_testGetConfig#88#94
block258.java_method#1#15,/home/gesad/PycharmProjects/Diff/befores/spymemcached/before_8644_1/src/main/java/net/spy/memcached/vbucket/config/ConfigurationParserJSON.java_parseBucketFromJSON#87#124
block277.java_method#1#9,/home/gesad/PycharmProjects/Diff/befores/spymemcached/before_8644_1/src/test/java/net/spy/memcached/AddrUtilTest.java_testTwo#23#31,/home/gesad/PycharmProjects/Diff/befores/spymemcached/before_8644_1/src/test/java/net/spy/memcached/AddrUtilTest.java_testThree#33#41
block58.java_method#1#7,/home/gesad/PycharmProjects/Diff/befores/spymemcached/before_8644_1/src/main/java/net/spy/memcached/compat/SyncThread.java_getResult#60#66
block234.java_method#1#10,/home/gesad/PycharmProjects/Diff/befores/spymemcached/before_8644_1/src/main/java/net/spy/memcached/vbucket/ConfigurationProviderHTTP.java_readPools#99#153
block382.java_method#1#8,/home/gesad/PycharmProjects/Diff/befores/spymemcached/before_8644_1/src/test/java/net/spy/memcached/protocol/ascii/OperationExceptionTest.java_testServer#18#24
block352.java_method#1#7,/home/gesad/PycharmProjects/Diff/befores/spymemcached/before_8644_1/src/test/java/net/spy/memcached/TapTest.java_checkTapKeys#101#107
block202.java_method#1#20,/home/gesad/PycharmProjects/Diff/befores/spymemcached/before_8644_1/src/main/java/net/spy/memcached/transcoders/TranscoderUtils.java_encodeNum#22#40
block319.java_method#1#22,/home/gesad/PycharmProjects/Diff/befores/spymemcached/before_8644_1/src/test/java/net/spy/memcached/DoLotsOfSets.java_main#12#34
block375.java_method#1#6,/home/gesad/PycharmProjects/Diff/befores/spymemcached/before_8644_1/src/test/java/net/spy/memcached/internal/CheckedOperationTimeoutExceptionTest.java_testNullNode#24#29,/home/gesad/PycharmProjects/Diff/befores/spymemcached/before_8644_1/src/test/java/net/spy/memcached/internal/CheckedOperationTimeoutExceptionTest.java_testSingleOperation#17#22,/home/gesad/PycharmProjects/Diff/befores/spymemcached/before_8644_1/src/test/java/net/spy/memcached/internal/CheckedOperationTimeoutExceptionTest.java_testNullOperation#31#36
block423.java_method#1#6,/home/gesad/PycharmProjects/Diff/befores/spymemcached/before_8644_1/src/test/manual/net/spy/memcached/test/LoaderTest.java_init#25#32,/home/gesad/PycharmProjects/Diff/befores/spymemcached/before_8644_1/src/test/manual/net/spy/memcached/test/ExcessivelyLargeGetTest.java_ExcessivelyLargeGetTest#33#41,/home/gesad/PycharmProjects/Diff/befores/spymemcached/before_8644_1/src/test/manual/net/spy/memcached/test/AuthTest.java_init#24#31
block191.java_method#1#23,/home/gesad/PycharmProjects/Diff/befores/spymemcached/before_8644_1/src/main/java/net/spy/memcached/tapmessage/TapOpcode.java_getOpcodeByByte#65#87
block148.java_method#1#9,/home/gesad/PycharmProjects/Diff/befores/spymemcached/before_8644_1/src/main/java/net/spy/memcached/protocol/binary/TapCustomOperationImpl.java_initialize#20#28,/home/gesad/PycharmProjects/Diff/befores/spymemcached/before_8644_1/src/main/java/net/spy/memcached/protocol/binary/TapDumpOperationImpl.java_initialize#21#35
block281.java_method#1#9,/home/gesad/PycharmProjects/Diff/befores/spymemcached/before_8644_1/src/test/java/net/spy/memcached/AddrUtilTest.java_testBrokenList#65#73,/home/gesad/PycharmProjects/Diff/befores/spymemcached/before_8644_1/src/test/java/net/spy/memcached/AddrUtilTest.java_testBrokenList2#75#83,/home/gesad/PycharmProjects/Diff/befores/spymemcached/before_8644_1/src/test/java/net/spy/memcached/AddrUtilTest.java_testBrokenHost2#54#63
block374.java_method#1#6,/home/gesad/PycharmProjects/Diff/befores/spymemcached/before_8644_1/src/test/java/net/spy/memcached/internal/CheckedOperationTimeoutExceptionTest.java_testSingleOperation#17#22,/home/gesad/PycharmProjects/Diff/befores/spymemcached/before_8644_1/src/test/java/net/spy/memcached/internal/CheckedOperationTimeoutExceptionTest.java_testMultipleOperation#39#47
block392.java_method#1#6,/home/gesad/PycharmProjects/Diff/befores/spymemcached/before_8644_1/src/test/java/net/spy/memcached/transcoders/TranscodeServiceTest.java_tearDown#21#26
block102.java_method#1#26,/home/gesad/PycharmProjects/Diff/befores/spymemcached/before_8644_1/src/main/java/net/spy/memcached/protocol/ascii/BaseGetOpImpl.java_initialize#162#188
block367.java_method#1#21,/home/gesad/PycharmProjects/Diff/befores/spymemcached/before_8644_1/src/test/java/net/spy/memcached/VBucketMemcachedClientTest.java_testOps#16#43
block30.java_method#1#7,/home/gesad/PycharmProjects/Diff/befores/spymemcached/before_8644_1/src/main/java/net/spy/memcached/KeyUtil.java_getKeyBytes#18#24
block29.java_method#1#37,/home/gesad/PycharmProjects/Diff/befores/spymemcached/before_8644_1/src/main/java/net/spy/memcached/KetamaNodeLocator.java_setKetamaNodes#142#169
block231.java_method#1#11,/home/gesad/PycharmProjects/Diff/befores/spymemcached/before_8644_1/src/main/java/net/spy/memcached/vbucket/ConfigurationProviderHTTP.java_readPools#99#153
block285.java_method#1#7,/home/gesad/PycharmProjects/Diff/befores/spymemcached/before_8644_1/src/test/java/net/spy/memcached/ArrayModNodeLocatorTest.java_setupNodes#11#16
block185.java_method#1#7,/home/gesad/PycharmProjects/Diff/befores/spymemcached/before_8644_1/src/main/java/net/spy/memcached/tapmessage/ResponseMessage.java_getItemFlags#109#115
block240.java_method#1#6,/home/gesad/PycharmProjects/Diff/befores/spymemcached/before_8644_1/src/main/java/net/spy/memcached/vbucket/ConfigurationProviderHTTP.java_buildAuthHeader#289#300
block114.java_method#1#34,/home/gesad/PycharmProjects/Diff/befores/spymemcached/before_8644_1/src/main/java/net/spy/memcached/protocol/ascii/OperationImpl.java_readFromBuffer#103#137
block180.java_method#1#7,/home/gesad/PycharmProjects/Diff/befores/spymemcached/before_8644_1/src/main/java/net/spy/memcached/tapmessage/ResponseMessage.java_getFlags#49#55
block59.java_method#1#9,/home/gesad/PycharmProjects/Diff/befores/spymemcached/before_8644_1/src/main/java/net/spy/memcached/compat/SyncThread.java_getDistinctResultCount#103#111
block245.java_method#1#13,/home/gesad/PycharmProjects/Diff/befores/spymemcached/before_8644_1/src/main/java/net/spy/memcached/vbucket/VBucketNodeLocator.java_getAlternative#136#146
block288.java_method#1#9,/home/gesad/PycharmProjects/Diff/befores/spymemcached/before_8644_1/src/test/java/net/spy/memcached/ArrayModNodeLocatorTest.java_testAll#35#43
block262.java_method#1#23,/home/gesad/PycharmProjects/Diff/befores/spymemcached/before_8644_1/src/main/java/net/spy/memcached/vbucket/config/DefaultConfig.java_compareTo#92#123
block411.java_method#1#6,/home/gesad/PycharmProjects/Diff/befores/spymemcached/before_8644_1/src/test/java/net/spy/memcached/vbucket/config/ConfigurationParserJSONTest.java_checkBucket#51#56
block222.java_method#1#8,/home/gesad/PycharmProjects/Diff/befores/spymemcached/before_8644_1/src/main/java/net/spy/memcached/vbucket/BucketUpdateResponseHandler.java_getLastResponse#98#105
block377.java_method#1#9,/home/gesad/PycharmProjects/Diff/befores/spymemcached/before_8644_1/src/test/java/net/spy/memcached/internal/CheckedOperationTimeoutExceptionTest.java_testMultipleOperation#39#47
block355.java_method#1#6,/home/gesad/PycharmProjects/Diff/befores/spymemcached/before_8644_1/src/test/java/net/spy/memcached/TimeoutNowriteTest.java_initClient#22#34,/home/gesad/PycharmProjects/Diff/befores/spymemcached/before_8644_1/src/test/java/net/spy/memcached/TimeoutTest.java_initClient#11#23
block284.java_method#1#7,/home/gesad/PycharmProjects/Diff/befores/spymemcached/before_8644_1/src/test/java/net/spy/memcached/AddrUtilTest.java_testIPv6Host#95#106
block259.java_method#1#9,/home/gesad/PycharmProjects/Diff/befores/spymemcached/before_8644_1/src/main/java/net/spy/memcached/vbucket/config/ConfigurationParserJSON.java_parseBucketFromJSON#87#124
block276.java_method#1#6,/home/gesad/PycharmProjects/Diff/befores/spymemcached/before_8644_1/src/test/java/net/spy/memcached/AddrUtilTest.java_testSingle#15#21,/home/gesad/PycharmProjects/Diff/befores/spymemcached/before_8644_1/src/test/java/net/spy/memcached/AddrUtilTest.java_testTwo#23#31,/home/gesad/PycharmProjects/Diff/befores/spymemcached/before_8644_1/src/test/java/net/spy/memcached/AddrUtilTest.java_testThree#33#41,/home/gesad/PycharmProjects/Diff/befores/spymemcached/before_8644_1/src/test/java/net/spy/memcached/AddrUtilTest.java_testIPv6Host#95#106
block436.java_method#1#8,/home/gesad/PycharmProjects/Diff/befores/spymemcached/before_8644_1/src/test/manual/net/spy/memcached/test/TapBucketTest.java_main#26#73
block421.java_method#1#8,/home/gesad/PycharmProjects/Diff/befores/spymemcached/before_8644_1/src/test/manual/net/spy/memcached/test/ExcessivelyLargeGetTest.java_run#43#64
block8.java_method#1#18,/home/gesad/PycharmProjects/Diff/befores/spymemcached/before_8644_1/src/main/java/net/spy/memcached/CASMutator.java_cas#79#128
block188.java_method#1#10,/home/gesad/PycharmProjects/Diff/befores/spymemcached/before_8644_1/src/main/java/net/spy/memcached/tapmessage/ResponseMessage.java_getValue#145#154
block433.java_method#1#6,/home/gesad/PycharmProjects/Diff/befores/spymemcached/before_8644_1/src/test/manual/net/spy/memcached/test/SASLConnectReconnect.java_main#70#102
block312.java_method#1#6,/home/gesad/PycharmProjects/Diff/befores/spymemcached/before_8644_1/src/test/java/net/spy/memcached/BinaryCancellationTest.java_initClient#8#16,/home/gesad/PycharmProjects/Diff/befores/spymemcached/before_8644_1/src/test/java/net/spy/memcached/TapTest.java_initClient#15#27,/home/gesad/PycharmProjects/Diff/befores/spymemcached/before_8644_1/src/test/java/net/spy/memcached/ClientBaseCase.java_initClient#16#27,/home/gesad/PycharmProjects/Diff/befores/spymemcached/before_8644_1/src/test/java/net/spy/memcached/BinaryClientTest.java_initClient#12#24,/home/gesad/PycharmProjects/Diff/befores/spymemcached/before_8644_1/src/test/java/net/spy/memcached/RedistributeFailureModeTest.java_initClient#32#40,/home/gesad/PycharmProjects/Diff/befores/spymemcached/before_8644_1/src/test/java/net/spy/memcached/CancelFailureModeTest.java_initClient#26#34
block92.java_method#1#7,/home/gesad/PycharmProjects/Diff/befores/spymemcached/before_8644_1/src/main/java/net/spy/memcached/protocol/ProxyCallback.java_gotData#38#44
block329.java_method#1#6,/home/gesad/PycharmProjects/Diff/befores/spymemcached/before_8644_1/src/test/java/net/spy/memcached/KetamaNodeLocatorTest.java_testLibKetamaCompatTwo#142#3406
block179.java_method#1#8,/home/gesad/PycharmProjects/Diff/befores/spymemcached/before_8644_1/src/main/java/net/spy/memcached/tapmessage/ResponseMessage.java_getEnginePrivate#37#43
block97.java_method#1#8,/home/gesad/PycharmProjects/Diff/befores/spymemcached/before_8644_1/src/main/java/net/spy/memcached/protocol/ascii/BaseGetOpImpl.java_BaseGetOpImpl#36#44
block105.java_method#1#7,/home/gesad/PycharmProjects/Diff/befores/spymemcached/before_8644_1/src/main/java/net/spy/memcached/protocol/ascii/BaseStoreOperationImpl.java_handleLine#36#42,/home/gesad/PycharmProjects/Diff/befores/spymemcached/before_8644_1/src/main/java/net/spy/memcached/protocol/ascii/CASOperationImpl.java_handleLine#46#53
block213.java_method#1#23,/home/gesad/PycharmProjects/Diff/befores/spymemcached/before_8644_1/src/main/java/net/spy/memcached/vbucket/BucketMonitor.java_startMonitor#78#100
block73.java_method#1#8,/home/gesad/PycharmProjects/Diff/befores/spymemcached/before_8644_1/src/main/java/net/spy/memcached/internal/BulkGetFuture.java_cancel#43#55
block218.java_method#1#7,/home/gesad/PycharmProjects/Diff/befores/spymemcached/before_8644_1/src/main/java/net/spy/memcached/vbucket/BucketMonitorPipelineFactory.java_getPipeline#18#24
block83.java_method#1#6,/home/gesad/PycharmProjects/Diff/befores/spymemcached/before_8644_1/src/main/java/net/spy/memcached/ops/BaseOperationFactory.java_clone#23#74
block278.java_method#1#10,/home/gesad/PycharmProjects/Diff/befores/spymemcached/before_8644_1/src/test/java/net/spy/memcached/AddrUtilTest.java_testThree#33#41,/home/gesad/PycharmProjects/Diff/befores/spymemcached/before_8644_1/src/test/java/net/spy/memcached/AddrUtilTest.java_testTwo#23#31
block101.java_method#1#55,/home/gesad/PycharmProjects/Diff/befores/spymemcached/before_8644_1/src/main/java/net/spy/memcached/protocol/ascii/BaseGetOpImpl.java_handleRead#93#160
block390.java_method#1#10,/home/gesad/PycharmProjects/Diff/befores/spymemcached/before_8644_1/src/test/java/net/spy/memcached/transcoders/CachedDataTest.java_testToString#11#19
block429.java_method#1#15,/home/gesad/PycharmProjects/Diff/befores/spymemcached/before_8644_1/src/test/manual/net/spy/memcached/test/MultiNodeFailureTest.java_main#12#25
block298.java_method#1#11,/home/gesad/PycharmProjects/Diff/befores/spymemcached/before_8644_1/src/test/java/net/spy/memcached/BinaryClientTest.java_testGATTimeout#70#80
block6.java_method#1#6,/home/gesad/PycharmProjects/Diff/befores/spymemcached/before_8644_1/src/main/java/net/spy/memcached/CASMutator.java_CASMutator#47#52
block165.java_method#1#7,/home/gesad/PycharmProjects/Diff/befores/spymemcached/before_8644_1/src/main/java/net/spy/memcached/protocol/couch/ViewOperationImpl.java_ViewOperationImpl#23#29
block295.java_method#1#7,/home/gesad/PycharmProjects/Diff/befores/spymemcached/before_8644_1/src/test/java/net/spy/memcached/BinaryClientTest.java_testCASAppendSuccess#46#52,/home/gesad/PycharmProjects/Diff/befores/spymemcached/before_8644_1/src/test/java/net/spy/memcached/BinaryClientTest.java_testCASPrependSuccess#62#68,/home/gesad/PycharmProjects/Diff/befores/spymemcached/before_8644_1/src/test/java/net/spy/memcached/BinaryClientTest.java_testCASAppendFail#38#44,/home/gesad/PycharmProjects/Diff/befores/spymemcached/before_8644_1/src/test/java/net/spy/memcached/BinaryClientTest.java_testCASPrependFail#54#60
block119.java_method#1#7,/home/gesad/PycharmProjects/Diff/befores/spymemcached/before_8644_1/src/main/java/net/spy/memcached/protocol/binary/BinaryMemcachedNodeImpl.java_optimizeGets#42#66,/home/gesad/PycharmProjects/Diff/befores/spymemcached/before_8644_1/src/main/java/net/spy/memcached/protocol/binary/BinaryMemcachedNodeImpl.java_optimizeSets#68#90
block311.java_method#1#6,/home/gesad/PycharmProjects/Diff/befores/spymemcached/before_8644_1/src/test/java/net/spy/memcached/ProtocolBaseCase.java_syncGetTimeoutsInitClient#585#597,/home/gesad/PycharmProjects/Diff/befores/spymemcached/before_8644_1/src/test/java/net/spy/memcached/ClientBaseCase.java_initClient#16#27,/home/gesad/PycharmProjects/Diff/befores/spymemcached/before_8644_1/src/test/java/net/spy/memcached/TapTest.java_initClient#15#27,/home/gesad/PycharmProjects/Diff/befores/spymemcached/before_8644_1/src/test/java/net/spy/memcached/BinaryClientTest.java_initClient#12#24,/home/gesad/PycharmProjects/Diff/befores/spymemcached/before_8644_1/src/test/java/net/spy/memcached/TimeoutTest.java_initClient#11#23,/home/gesad/PycharmProjects/Diff/befores/spymemcached/before_8644_1/src/test/java/net/spy/memcached/TimeoutNowriteTest.java_initClient#22#34,/home/gesad/PycharmProjects/Diff/befores/spymemcached/before_8644_1/src/test/java/net/spy/memcached/QueueOverflowTest.java_initClient#24#64,/home/gesad/PycharmProjects/Diff/befores/spymemcached/before_8644_1/src/test/java/net/spy/memcached/LongClientTest.java_testParallelGet#21#69
block430.java_method#1#37,/home/gesad/PycharmProjects/Diff/befores/spymemcached/before_8644_1/src/test/manual/net/spy/memcached/test/ObserverToy.java_main#18#52
block273.java_method#1#17,/home/gesad/PycharmProjects/Diff/befores/spymemcached/before_8644_1/src/test/java/net/spy/memcached/AbstractNodeLocationCase.java_runSequenceAssertion#14#32
block56.java_method#1#8,/home/gesad/PycharmProjects/Diff/befores/spymemcached/before_8644_1/src/main/java/net/spy/memcached/compat/SyncThread.java_SyncThread#30#37
block200.java_method#1#48,/home/gesad/PycharmProjects/Diff/befores/spymemcached/before_8644_1/src/main/java/net/spy/memcached/transcoders/SerializingTranscoder.java_encode#105#153,/home/gesad/PycharmProjects/Diff/befores/spymemcached/before_8644_1/src/main/java/net/spy/memcached/transcoders/WhalinTranscoder.java_encode#95#156
block301.java_method#1#6,/home/gesad/PycharmProjects/Diff/befores/spymemcached/before_8644_1/src/test/java/net/spy/memcached/ProtocolBaseCase.java_syncGetTimeoutsInitClient#585#597,/home/gesad/PycharmProjects/Diff/befores/spymemcached/before_8644_1/src/test/java/net/spy/memcached/MembaseClientTest.java_syncGetTimeoutsInitClient#37#50,/home/gesad/PycharmProjects/Diff/befores/spymemcached/before_8644_1/src/test/java/net/spy/memcached/BinaryClientTest.java_syncGetTimeoutsInitClient#94#107
block181.java_method#1#7,/home/gesad/PycharmProjects/Diff/befores/spymemcached/before_8644_1/src/main/java/net/spy/memcached/tapmessage/ResponseMessage.java_getTTL#61#67
block282.java_method#1#9,/home/gesad/PycharmProjects/Diff/befores/spymemcached/before_8644_1/src/test/java/net/spy/memcached/AddrUtilTest.java_testBrokenList2#75#83,/home/gesad/PycharmProjects/Diff/befores/spymemcached/before_8644_1/src/test/java/net/spy/memcached/AddrUtilTest.java_testBrokenList#65#73,/home/gesad/PycharmProjects/Diff/befores/spymemcached/before_8644_1/src/test/java/net/spy/memcached/AddrUtilTest.java_testBrokenHost2#54#63
block130.java_method#1#10,/home/gesad/PycharmProjects/Diff/befores/spymemcached/before_8644_1/src/main/java/net/spy/memcached/protocol/binary/MultiGetOperationImpl.java_initialize#50#88
block357.java_method#1#11,/home/gesad/PycharmProjects/Diff/befores/spymemcached/before_8644_1/src/test/java/net/spy/memcached/TimeoutNowriteTest.java_testTimeoutDontwrite#36#78
block408.java_method#1#17,/home/gesad/PycharmProjects/Diff/befores/spymemcached/before_8644_1/src/test/java/net/spy/memcached/vbucket/VBucketNodeLocatorTest.java_testGetAlternative#62#75
block393.java_method#1#7,/home/gesad/PycharmProjects/Diff/befores/spymemcached/before_8644_1/src/test/java/net/spy/memcached/transcoders/TranscoderUtilsTest.java_testBooleanOverflow#21#28,/home/gesad/PycharmProjects/Diff/befores/spymemcached/before_8644_1/src/test/java/net/spy/memcached/transcoders/TranscoderUtilsTest.java_testLongOverflow#48#55,/home/gesad/PycharmProjects/Diff/befores/spymemcached/before_8644_1/src/test/java/net/spy/memcached/transcoders/TranscoderUtilsTest.java_testIntOverflow#39#46,/home/gesad/PycharmProjects/Diff/befores/spymemcached/before_8644_1/src/test/java/net/spy/memcached/transcoders/TranscoderUtilsTest.java_testByteOverflow#30#37
block410.java_method#1#7,/home/gesad/PycharmProjects/Diff/befores/spymemcached/before_8644_1/src/test/java/net/spy/memcached/vbucket/config/ConfigurationParserJSONTest.java_testParseBucketsClustered#30#38
block134.java_method#1#9,/home/gesad/PycharmProjects/Diff/befores/spymemcached/before_8644_1/src/main/java/net/spy/memcached/protocol/binary/MutatorOperationImpl.java_MutatorOperationImpl#19#27
block335.java_method#1#6,/home/gesad/PycharmProjects/Diff/befores/spymemcached/before_8644_1/src/test/java/net/spy/memcached/MemcachedConnectionTest.java_testDebugBuffer#12#17
block67.java_method#1#16,/home/gesad/PycharmProjects/Diff/befores/spymemcached/before_8644_1/src/main/java/net/spy/memcached/compat/log/SunLogger.java_log#47#108
block162.java_method#1#12,/home/gesad/PycharmProjects/Diff/befores/spymemcached/before_8644_1/src/main/java/net/spy/memcached/protocol/couch/RowReduced.java_RowReduced#7#20
block383.java_method#1#7,/home/gesad/PycharmProjects/Diff/befores/spymemcached/before_8644_1/src/test/java/net/spy/memcached/protocol/ascii/OperationExceptionTest.java_testClient#26#32
block131.java_method#1#20,/home/gesad/PycharmProjects/Diff/befores/spymemcached/before_8644_1/src/main/java/net/spy/memcached/protocol/binary/MultiGetOperationImpl.java_initialize#50#88,/home/gesad/PycharmProjects/Diff/befores/spymemcached/before_8644_1/src/main/java/net/spy/memcached/protocol/binary/OptimizedSetImpl.java_initialize#59#105
block347.java_method#1#10,/home/gesad/PycharmProjects/Diff/befores/spymemcached/before_8644_1/src/test/java/net/spy/memcached/TapTest.java_testBackfill#29#53,/home/gesad/PycharmProjects/Diff/befores/spymemcached/before_8644_1/src/test/java/net/spy/memcached/TapTest.java_testTapDump#55#84,/home/gesad/PycharmProjects/Diff/befores/spymemcached/before_8644_1/src/test/manual/net/spy/memcached/test/TapBucketTest.java_main#26#73
block199.java_method#1#43,/home/gesad/PycharmProjects/Diff/befores/spymemcached/before_8644_1/src/main/java/net/spy/memcached/transcoders/SerializingTranscoder.java_decode#58#100
block21.java_method#1#50,/home/gesad/PycharmProjects/Diff/befores/spymemcached/before_8644_1/src/main/java/net/spy/memcached/HashAlgorithm.java_hash#72#132
block166.java_method#1#6,/home/gesad/PycharmProjects/Diff/befores/spymemcached/before_8644_1/src/main/java/net/spy/memcached/protocol/couch/ViewOperationImpl.java_handleResponse#31#51,/home/gesad/PycharmProjects/Diff/befores/spymemcached/before_8644_1/src/main/java/net/spy/memcached/protocol/couch/ViewsOperationImpl.java_handleResponse#31#50
block314.java_method#1#11,/home/gesad/PycharmProjects/Diff/befores/spymemcached/before_8644_1/src/test/java/net/spy/memcached/ClientBaseCase.java_tearDown#48#60
block373.java_method#1#99,/home/gesad/PycharmProjects/Diff/befores/spymemcached/before_8644_1/src/test/java/net/spy/memcached/couch/TestingClient.java_asyncHttpPut#29#61
block198.java_method#1#7,/home/gesad/PycharmProjects/Diff/befores/spymemcached/before_8644_1/src/main/java/net/spy/memcached/transcoders/SerializingTranscoder.java_asyncDecode#46#53
block192.java_method#1#12,/home/gesad/PycharmProjects/Diff/befores/spymemcached/before_8644_1/src/main/java/net/spy/memcached/tapmessage/Util.java_fieldToValue#20#30
block31.java_method#1#7,/home/gesad/PycharmProjects/Diff/befores/spymemcached/before_8644_1/src/main/java/net/spy/memcached/KeyUtil.java_getKeyBytes#32#38
block167.java_method#1#15,/home/gesad/PycharmProjects/Diff/befores/spymemcached/before_8644_1/src/main/java/net/spy/memcached/protocol/couch/ViewOperationImpl.java_handleResponse#31#51,/home/gesad/PycharmProjects/Diff/befores/spymemcached/before_8644_1/src/main/java/net/spy/memcached/protocol/couch/ViewsOperationImpl.java_handleResponse#31#50
block271.java_method#1#11,/home/gesad/PycharmProjects/Diff/befores/spymemcached/before_8644_1/src/main/java/net/spy/memcached/vbucket/config/Node.java_hashCode#43#49
block263.java_method#1#8,/home/gesad/PycharmProjects/Diff/befores/spymemcached/before_8644_1/src/main/java/net/spy/memcached/vbucket/config/DefaultConfig.java_compareTo#92#123,/home/gesad/PycharmProjects/Diff/befores/spymemcached/before_8644_1/src/main/java/net/spy/memcached/vbucket/config/CacheConfig.java_compareTo#75#108
block435.java_method#1#26,/home/gesad/PycharmProjects/Diff/befores/spymemcached/before_8644_1/src/test/manual/net/spy/memcached/test/SASLConnectReconnect.java_verifySetAndGet2#122#145
block359.java_method#1#6,/home/gesad/PycharmProjects/Diff/befores/spymemcached/before_8644_1/src/test/java/net/spy/memcached/TimeoutTest.java_initClient#11#23,/home/gesad/PycharmProjects/Diff/befores/spymemcached/before_8644_1/src/test/java/net/spy/memcached/TimeoutNowriteTest.java_initClient#22#34
block135.java_method#1#13,/home/gesad/PycharmProjects/Diff/befores/spymemcached/before_8644_1/src/main/java/net/spy/memcached/protocol/binary/MutatorOperationImpl.java_initialize#29#42
block322.java_method#1#10,/home/gesad/PycharmProjects/Diff/befores/spymemcached/before_8644_1/src/test/java/net/spy/memcached/KetamaNodeLocatorTest.java_setupNodes#13#23
block184.java_method#1#7,/home/gesad/PycharmProjects/Diff/befores/spymemcached/before_8644_1/src/main/java/net/spy/memcached/tapmessage/ResponseMessage.java_getReserved3#97#103
block168.java_method#1#28,/home/gesad/PycharmProjects/Diff/befores/spymemcached/before_8644_1/src/main/java/net/spy/memcached/protocol/couch/ViewOperationImpl.java_parseDesignDocumentForView#53#82
block217.java_method#1#13,/home/gesad/PycharmProjects/Diff/befores/spymemcached/before_8644_1/src/main/java/net/spy/memcached/vbucket/BucketMonitor.java_invalidate#196#205
block287.java_method#1#9,/home/gesad/PycharmProjects/Diff/befores/spymemcached/before_8644_1/src/test/java/net/spy/memcached/ArrayModNodeLocatorTest.java_testPrimaryClone#25#33
block270.java_method#1#8,/home/gesad/PycharmProjects/Diff/befores/spymemcached/before_8644_1/src/test/java/net/spy/memcached/MockMemcachedNode.java_equals#24#42,/home/gesad/PycharmProjects/Diff/befores/spymemcached/before_8644_1/src/main/java/net/spy/memcached/vbucket/ReconfigurableObserver.java_equals#28#38,/home/gesad/PycharmProjects/Diff/befores/spymemcached/before_8644_1/src/main/java/net/spy/memcached/vbucket/config/Node.java_equals#29#41,/home/gesad/PycharmProjects/Diff/befores/spymemcached/before_8644_1/src/main/java/net/spy/memcached/vbucket/config/Bucket.java_equals#41#53
block343.java_method#1#9,/home/gesad/PycharmProjects/Diff/befores/spymemcached/before_8644_1/src/test/java/net/spy/memcached/RedistributeFailureModeTest.java_initClient#32#40,/home/gesad/PycharmProjects/Diff/befores/spymemcached/before_8644_1/src/test/java/net/spy/memcached/CancelFailureModeTest.java_initClient#26#34,/home/gesad/PycharmProjects/Diff/befores/spymemcached/before_8644_1/src/test/java/net/spy/memcached/BinaryCancellationTest.java_initClient#8#16,/home/gesad/PycharmProjects/Diff/befores/spymemcached/before_8644_1/src/test/java/net/spy/memcached/ClientBaseCase.java_initClient#16#27,/home/gesad/PycharmProjects/Diff/befores/spymemcached/before_8644_1/src/test/java/net/spy/memcached/TapTest.java_initClient#15#27,/home/gesad/PycharmProjects/Diff/befores/spymemcached/before_8644_1/src/test/java/net/spy/memcached/BinaryClientTest.java_initClient#12#24
block246.java_method#1#7,/home/gesad/PycharmProjects/Diff/befores/spymemcached/before_8644_1/src/main/java/net/spy/memcached/vbucket/config/Bucket.java_Bucket#21#26
block293.java_method#1#14,/home/gesad/PycharmProjects/Diff/befores/spymemcached/before_8644_1/src/test/java/net/spy/memcached/TapTest.java_initClient#15#27,/home/gesad/PycharmProjects/Diff/befores/spymemcached/before_8644_1/src/test/java/net/spy/memcached/BinaryClientTest.java_initClient#12#24,/home/gesad/PycharmProjects/Diff/befores/spymemcached/before_8644_1/src/test/java/net/spy/memcached/ClientBaseCase.java_initClient#16#27,/home/gesad/PycharmProjects/Diff/befores/spymemcached/before_8644_1/src/test/java/net/spy/memcached/TimeoutTest.java_initClient#11#23,/home/gesad/PycharmProjects/Diff/befores/spymemcached/before_8644_1/src/test/java/net/spy/memcached/TimeoutNowriteTest.java_initClient#22#34
block378.java_method#1#8,/home/gesad/PycharmProjects/Diff/befores/spymemcached/before_8644_1/src/test/java/net/spy/memcached/internal/CheckedOperationTimeoutExceptionTest.java_buildOp#49#55
block349.java_method#1#6,/home/gesad/PycharmProjects/Diff/befores/spymemcached/before_8644_1/src/test/java/net/spy/memcached/TapTest.java_testTapDump#55#84,/home/gesad/PycharmProjects/Diff/befores/spymemcached/before_8644_1/src/test/java/net/spy/memcached/TapTest.java_testBackfill#29#53,/home/gesad/PycharmProjects/Diff/befores/spymemcached/before_8644_1/src/test/manual/net/spy/memcached/test/TapBucketTest.java_main#26#73
block48.java_method#1#18,/home/gesad/PycharmProjects/Diff/befores/spymemcached/before_8644_1/src/main/java/net/spy/memcached/TapMessagePrinter.java_printMessage#13#29
block395.java_method#1#7,/home/gesad/PycharmProjects/Diff/befores/spymemcached/before_8644_1/src/test/java/net/spy/memcached/transcoders/TranscoderUtilsTest.java_testIntOverflow#39#46,/home/gesad/PycharmProjects/Diff/befores/spymemcached/before_8644_1/src/test/java/net/spy/memcached/transcoders/TranscoderUtilsTest.java_testLongOverflow#48#55,/home/gesad/PycharmProjects/Diff/befores/spymemcached/before_8644_1/src/test/java/net/spy/memcached/transcoders/TranscoderUtilsTest.java_testByteOverflow#30#37,/home/gesad/PycharmProjects/Diff/befores/spymemcached/before_8644_1/src/test/java/net/spy/memcached/transcoders/TranscoderUtilsTest.java_testBooleanOverflow#21#28
block65.java_method#1#21,/home/gesad/PycharmProjects/Diff/befores/spymemcached/before_8644_1/src/main/java/net/spy/memcached/compat/log/SunLogger.java_log#47#108
block431.java_method#1#21,/home/gesad/PycharmProjects/Diff/befores/spymemcached/before_8644_1/src/test/manual/net/spy/memcached/test/SASLConnectReconnect.java_SASLConnectReconnect#31#50
block265.java_method#1#11,/home/gesad/PycharmProjects/Diff/befores/spymemcached/before_8644_1/src/main/java/net/spy/memcached/vbucket/config/DefaultConfigFactory.java_create#40#49
block189.java_method#1#6,/home/gesad/PycharmProjects/Diff/befores/spymemcached/before_8644_1/src/main/java/net/spy/memcached/tapmessage/TapFlag.java_hasFlag#65#70
block439.java_method#1#6,/home/gesad/PycharmProjects/Diff/befores/spymemcached/before_8644_1/src/test/manual/net/spy/memcached/test/TapBucketTest.java_main#26#73
block268.java_method#1#7,/home/gesad/PycharmProjects/Diff/befores/spymemcached/before_8644_1/src/main/java/net/spy/memcached/vbucket/config/DefaultConfigFactory.java_parseEpJSON#105#131
block409.java_method#1#9,/home/gesad/PycharmProjects/Diff/befores/spymemcached/before_8644_1/src/test/java/net/spy/memcached/vbucket/config/ConfigurationParserJSONTest.java_testParseBase#13#21
block120.java_method#1#7,/home/gesad/PycharmProjects/Diff/befores/spymemcached/before_8644_1/src/main/java/net/spy/memcached/protocol/binary/BinaryMemcachedNodeImpl.java_optimizeGets#42#66,/home/gesad/PycharmProjects/Diff/befores/spymemcached/before_8644_1/src/main/java/net/spy/memcached/protocol/ascii/AsciiMemcachedNodeImpl.java_optimize#24#50
block236.java_method#1#12,/home/gesad/PycharmProjects/Diff/befores/spymemcached/before_8644_1/src/main/java/net/spy/memcached/vbucket/ConfigurationProviderHTTP.java_subscribe#171#185
block330.java_method#1#20,/home/gesad/PycharmProjects/Diff/befores/spymemcached/before_8644_1/src/test/java/net/spy/memcached/LongClientTest.java_testParallelGet#21#69,/home/gesad/PycharmProjects/Diff/befores/spymemcached/before_8644_1/src/test/java/net/spy/memcached/QueueOverflowTest.java_initClient#24#64
block315.java_method#1#10,/home/gesad/PycharmProjects/Diff/befores/spymemcached/before_8644_1/src/test/java/net/spy/memcached/ClientBaseCase.java_isMoxi#66#85
block172.java_method#1#6,/home/gesad/PycharmProjects/Diff/befores/spymemcached/before_8644_1/src/main/java/net/spy/memcached/protocol/couch/ViewsOperationImpl.java_ViewsOperationImpl#24#29,/home/gesad/PycharmProjects/Diff/befores/spymemcached/before_8644_1/src/main/java/net/spy/memcached/protocol/couch/ViewOperationImpl.java_ViewOperationImpl#23#29
block438.java_method#1#10,/home/gesad/PycharmProjects/Diff/befores/spymemcached/before_8644_1/src/test/manual/net/spy/memcached/test/TapBucketTest.java_main#26#73
block113.java_method#1#11,/home/gesad/PycharmProjects/Diff/befores/spymemcached/before_8644_1/src/main/java/net/spy/memcached/protocol/ascii/OperationImpl.java_classifyError#91#101
block183.java_method#1#7,/home/gesad/PycharmProjects/Diff/befores/spymemcached/before_8644_1/src/main/java/net/spy/memcached/tapmessage/ResponseMessage.java_getReserved2#85#91
block425.java_method#1#12,/home/gesad/PycharmProjects/Diff/befores/spymemcached/before_8644_1/src/test/manual/net/spy/memcached/test/LoaderTest.java_main#54#65,/home/gesad/PycharmProjects/Diff/befores/spymemcached/before_8644_1/src/test/manual/net/spy/memcached/test/AuthTest.java_main#48#59
block279.java_method#1#10,/home/gesad/PycharmProjects/Diff/befores/spymemcached/before_8644_1/src/test/java/net/spy/memcached/AddrUtilTest.java_testBrokenHost#43#52
block422.java_method#1#12,/home/gesad/PycharmProjects/Diff/befores/spymemcached/before_8644_1/src/test/manual/net/spy/memcached/test/ExcessivelyLargeGetTest.java_run#43#64
block344.java_method#1#21,/home/gesad/PycharmProjects/Diff/befores/spymemcached/before_8644_1/src/test/java/net/spy/memcached/RedistributeFailureModeTest.java_testMixedSetsAndUpdates#48#68
block299.java_method#1#11,/home/gesad/PycharmProjects/Diff/befores/spymemcached/before_8644_1/src/test/java/net/spy/memcached/BinaryClientTest.java_testTouchTimeout#82#92
block2.java_method#1#6,/home/gesad/PycharmProjects/Diff/befores/spymemcached/before_8644_1/src/main/java/net/spy/memcached/AddrUtil.java_getAddresses#53#71
block214.java_method#1#19,/home/gesad/PycharmProjects/Diff/befores/spymemcached/before_8644_1/src/main/java/net/spy/memcached/vbucket/BucketMonitor.java_prepareRequest#121#141
block286.java_method#1#6,/home/gesad/PycharmProjects/Diff/befores/spymemcached/before_8644_1/src/test/java/net/spy/memcached/ArrayModNodeLocatorTest.java_testPrimary#18#23
block424.java_method#1#12,/home/gesad/PycharmProjects/Diff/befores/spymemcached/before_8644_1/src/test/manual/net/spy/memcached/test/LoaderTest.java_run#38#52
block324.java_method#1#6,/home/gesad/PycharmProjects/Diff/befores/spymemcached/before_8644_1/src/test/java/net/spy/memcached/KetamaNodeLocatorTest.java_testLookups#47#52,/home/gesad/PycharmProjects/Diff/befores/spymemcached/before_8644_1/src/test/java/net/spy/memcached/KetamaNodeLocatorTest.java_testClusterResizing#84#94,/home/gesad/PycharmProjects/Diff/befores/spymemcached/before_8644_1/src/test/java/net/spy/memcached/KetamaNodeLocatorTest.java_testFNV1A_32#118#126
block306.java_method#1#9,/home/gesad/PycharmProjects/Diff/befores/spymemcached/before_8644_1/src/test/java/net/spy/memcached/CASMutatorTest.java_testIncorrectTypeInCAS#40#50
block387.java_method#1#10,/home/gesad/PycharmProjects/Diff/befores/spymemcached/before_8644_1/src/test/java/net/spy/memcached/protocol/binary/OperatonTest.java_testUnsignedIntegerDecode#23#32,/home/gesad/PycharmProjects/Diff/befores/spymemcached/before_8644_1/src/test/java/net/spy/memcached/protocol/binary/OperatonTest.java_testIntegerDecode#12#21
block141.java_method#1#12,/home/gesad/PycharmProjects/Diff/befores/spymemcached/before_8644_1/src/main/java/net/spy/memcached/protocol/binary/SASLBaseOperationImpl.java_finishedPayload#59#71
block351.java_method#1#8,/home/gesad/PycharmProjects/Diff/befores/spymemcached/before_8644_1/src/test/java/net/spy/memcached/TapTest.java_testTapBucketDoesNotExist#86#99
block230.java_method#1#7,/home/gesad/PycharmProjects/Diff/befores/spymemcached/before_8644_1/src/main/java/net/spy/memcached/vbucket/ConfigurationProviderHTTP.java_getBucketConfiguration#81#90
block62.java_method#1#23,/home/gesad/PycharmProjects/Diff/befores/spymemcached/before_8644_1/src/main/java/net/spy/memcached/compat/log/Log4JLogger.java_log#48#77
block275.java_method#1#6,/home/gesad/PycharmProjects/Diff/befores/spymemcached/before_8644_1/src/test/java/net/spy/memcached/AbstractNodeLocationCase.java_setupNodes#57#65
block121.java_method#1#8,/home/gesad/PycharmProjects/Diff/befores/spymemcached/before_8644_1/src/main/java/net/spy/memcached/protocol/binary/BinaryMemcachedNodeImpl.java_optimizeSets#68#90
block323.java_method#1#6,/home/gesad/PycharmProjects/Diff/befores/spymemcached/before_8644_1/src/test/java/net/spy/memcached/KetamaNodeLocatorTest.java_testAll#30#38
block292.java_method#1#9,/home/gesad/PycharmProjects/Diff/befores/spymemcached/before_8644_1/src/test/java/net/spy/memcached/BinaryCancellationTest.java_initClient#8#16,/home/gesad/PycharmProjects/Diff/befores/spymemcached/before_8644_1/src/test/java/net/spy/memcached/TapTest.java_initClient#15#27,/home/gesad/PycharmProjects/Diff/befores/spymemcached/before_8644_1/src/test/java/net/spy/memcached/BinaryClientTest.java_initClient#12#24,/home/gesad/PycharmProjects/Diff/befores/spymemcached/before_8644_1/src/test/java/net/spy/memcached/RedistributeFailureModeTest.java_initClient#32#40,/home/gesad/PycharmProjects/Diff/befores/spymemcached/before_8644_1/src/test/java/net/spy/memcached/CancelFailureModeTest.java_initClient#26#34,/home/gesad/PycharmProjects/Diff/befores/spymemcached/before_8644_1/src/test/java/net/spy/memcached/ClientBaseCase.java_initClient#16#27
block182.java_method#1#7,/home/gesad/PycharmProjects/Diff/befores/spymemcached/before_8644_1/src/main/java/net/spy/memcached/tapmessage/ResponseMessage.java_getReserved1#73#79
block26.java_method#1#9,/home/gesad/PycharmProjects/Diff/befores/spymemcached/before_8644_1/src/main/java/net/spy/memcached/KetamaIterator.java_getNodeForKey#63#77,/home/gesad/PycharmProjects/Diff/befores/spymemcached/before_8644_1/src/main/java/net/spy/memcached/KetamaNodeLocator.java_getNodeForKey#85#99
block420.java_method#1#8,/home/gesad/PycharmProjects/Diff/befores/spymemcached/before_8644_1/src/test/manual/net/spy/memcached/test/ExcessivelyLargeGetTest.java_ExcessivelyLargeGetTest#33#41
block428.java_method#1#38,/home/gesad/PycharmProjects/Diff/befores/spymemcached/before_8644_1/src/test/manual/net/spy/memcached/test/MemoryFullTest.java_main#20#54
block152.java_method#1#32,/home/gesad/PycharmProjects/Diff/befores/spymemcached/before_8644_1/src/main/java/net/spy/memcached/protocol/couch/DocsOperationImpl.java_parseDocsViewResult#43#74,/home/gesad/PycharmProjects/Diff/befores/spymemcached/before_8644_1/src/main/java/net/spy/memcached/protocol/couch/NoDocsOperationImpl.java_parseNoDocsViewResult#44#75,/home/gesad/PycharmProjects/Diff/befores/spymemcached/before_8644_1/src/main/java/net/spy/memcached/protocol/couch/ReducedOperationImpl.java_parseReducedViewResult#44#74
block396.java_method#1#7,/home/gesad/PycharmProjects/Diff/befores/spymemcached/before_8644_1/src/test/java/net/spy/memcached/transcoders/TranscoderUtilsTest.java_testLongOverflow#48#55,/home/gesad/PycharmProjects/Diff/befores/spymemcached/before_8644_1/src/test/java/net/spy/memcached/transcoders/TranscoderUtilsTest.java_testIntOverflow#39#46,/home/gesad/PycharmProjects/Diff/befores/spymemcached/before_8644_1/src/test/java/net/spy/memcached/transcoders/TranscoderUtilsTest.java_testByteOverflow#30#37,/home/gesad/PycharmProjects/Diff/befores/spymemcached/before_8644_1/src/test/java/net/spy/memcached/transcoders/TranscoderUtilsTest.java_testBooleanOverflow#21#28
block360.java_method#1#7,/home/gesad/PycharmProjects/Diff/befores/spymemcached/before_8644_1/src/test/java/net/spy/memcached/TimeoutTest.java_tryTimeout#25#32
block291.java_method#1#7,/home/gesad/PycharmProjects/Diff/befores/spymemcached/before_8644_1/src/test/java/net/spy/memcached/BinaryIPV6ClientTest.java_getExpectedVersionSource#16#24,/home/gesad/PycharmProjects/Diff/befores/spymemcached/before_8644_1/src/test/java/net/spy/memcached/AsciiIPV6ClientTest.java_getExpectedVersionSource#16#24
block66.java_method#1#14,/home/gesad/PycharmProjects/Diff/befores/spymemcached/before_8644_1/src/main/java/net/spy/memcached/compat/log/SunLogger.java_log#47#108
block204.java_method#1#8,/home/gesad/PycharmProjects/Diff/befores/spymemcached/before_8644_1/src/main/java/net/spy/memcached/transcoders/TranscoderUtils.java_decodeByte#68#75
block235.java_method#1#6,/home/gesad/PycharmProjects/Diff/befores/spymemcached/before_8644_1/src/main/java/net/spy/memcached/vbucket/ConfigurationProviderHTTP.java_getServerList#155#163
block106.java_method#1#13,/home/gesad/PycharmProjects/Diff/befores/spymemcached/before_8644_1/src/main/java/net/spy/memcached/protocol/ascii/BaseStoreOperationImpl.java_initialize#44#56,/home/gesad/PycharmProjects/Diff/befores/spymemcached/before_8644_1/src/main/java/net/spy/memcached/protocol/ascii/CASOperationImpl.java_initialize#55#67
block104.java_method#1#9,/home/gesad/PycharmProjects/Diff/befores/spymemcached/before_8644_1/src/main/java/net/spy/memcached/protocol/ascii/BaseStoreOperationImpl.java_BaseStoreOperationImpl#26#34
block132.java_method#1#17,/home/gesad/PycharmProjects/Diff/befores/spymemcached/before_8644_1/src/main/java/net/spy/memcached/protocol/binary/MultiGetOperationImpl.java_finishedPayload#90#107
block151.java_method#1#19,/home/gesad/PycharmProjects/Diff/befores/spymemcached/before_8644_1/src/main/java/net/spy/memcached/protocol/couch/DocsOperationImpl.java_handleResponse#24#41,/home/gesad/PycharmProjects/Diff/befores/spymemcached/before_8644_1/src/main/java/net/spy/memcached/protocol/couch/ReducedOperationImpl.java_handleResponse#24#42,/home/gesad/PycharmProjects/Diff/befores/spymemcached/before_8644_1/src/main/java/net/spy/memcached/protocol/couch/NoDocsOperationImpl.java_handleResponse#24#42
block156.java_method#1#32,/home/gesad/PycharmProjects/Diff/befores/spymemcached/before_8644_1/src/main/java/net/spy/memcached/protocol/couch/NoDocsOperationImpl.java_parseNoDocsViewResult#44#75,/home/gesad/PycharmProjects/Diff/befores/spymemcached/before_8644_1/src/main/java/net/spy/memcached/protocol/couch/DocsOperationImpl.java_parseDocsViewResult#43#74,/home/gesad/PycharmProjects/Diff/befores/spymemcached/before_8644_1/src/main/java/net/spy/memcached/protocol/couch/ReducedOperationImpl.java_parseReducedViewResult#44#74
block255.java_method#1#13,/home/gesad/PycharmProjects/Diff/befores/spymemcached/before_8644_1/src/main/java/net/spy/memcached/vbucket/config/ConfigurationParserJSON.java_parseBase#20#51
block91.java_method#1#14,/home/gesad/PycharmProjects/Diff/befores/spymemcached/before_8644_1/src/main/java/net/spy/memcached/protocol/ProxyCallback.java_addCallbacks#24#36
block57.java_method#1#10,/home/gesad/PycharmProjects/Diff/befores/spymemcached/before_8644_1/src/main/java/net/spy/memcached/compat/SyncThread.java_run#43#52
block407.java_method#1#7,/home/gesad/PycharmProjects/Diff/befores/spymemcached/before_8644_1/src/test/java/net/spy/memcached/vbucket/VBucketNodeLocatorTest.java_testGetPrimary#39#61
block346.java_method#1#6,/home/gesad/PycharmProjects/Diff/befores/spymemcached/before_8644_1/src/test/java/net/spy/memcached/BinaryCancellationTest.java_initClient#8#16,/home/gesad/PycharmProjects/Diff/befores/spymemcached/before_8644_1/src/test/java/net/spy/memcached/TapTest.java_initClient#15#27,/home/gesad/PycharmProjects/Diff/befores/spymemcached/before_8644_1/src/test/java/net/spy/memcached/ClientBaseCase.java_initClient#16#27,/home/gesad/PycharmProjects/Diff/befores/spymemcached/before_8644_1/src/test/java/net/spy/memcached/BinaryClientTest.java_initClient#12#24,/home/gesad/PycharmProjects/Diff/befores/spymemcached/before_8644_1/src/test/java/net/spy/memcached/RedistributeFailureModeTest.java_initClient#32#40,/home/gesad/PycharmProjects/Diff/befores/spymemcached/before_8644_1/src/test/java/net/spy/memcached/CancelFailureModeTest.java_initClient#26#34
block384.java_method#1#6,/home/gesad/PycharmProjects/Diff/befores/spymemcached/before_8644_1/src/test/java/net/spy/memcached/protocol/ascii/OperationExceptionTest.java_testGeneral#34#40
block112.java_method#1#12,/home/gesad/PycharmProjects/Diff/befores/spymemcached/before_8644_1/src/main/java/net/spy/memcached/protocol/ascii/OperationImpl.java_setArguments#78#89
block159.java_method#1#9,/home/gesad/PycharmProjects/Diff/befores/spymemcached/before_8644_1/src/main/java/net/spy/memcached/protocol/couch/ReducedOperationImpl.java_handleResponse#24#42,/home/gesad/PycharmProjects/Diff/befores/spymemcached/before_8644_1/src/main/java/net/spy/memcached/protocol/couch/NoDocsOperationImpl.java_handleResponse#24#42,/home/gesad/PycharmProjects/Diff/befores/spymemcached/before_8644_1/src/main/java/net/spy/memcached/protocol/couch/DocsOperationImpl.java_handleResponse#24#41,/home/gesad/PycharmProjects/Diff/befores/spymemcached/before_8644_1/src/main/java/net/spy/memcached/protocol/couch/ViewOperationImpl.java_handleResponse#31#51,/home/gesad/PycharmProjects/Diff/befores/spymemcached/before_8644_1/src/main/java/net/spy/memcached/protocol/couch/ViewsOperationImpl.java_handleResponse#31#50
block332.java_method#1#15,/home/gesad/PycharmProjects/Diff/befores/spymemcached/before_8644_1/src/test/java/net/spy/memcached/LongClientTest.java_testParallelGet#21#69
block111.java_method#1#13,/home/gesad/PycharmProjects/Diff/befores/spymemcached/before_8644_1/src/main/java/net/spy/memcached/protocol/ascii/OperationImpl.java_matchStatus#47#59
block338.java_method#1#48,/home/gesad/PycharmProjects/Diff/befores/spymemcached/before_8644_1/src/test/java/net/spy/memcached/ObserverTest.java_testInitialObservers#24#56
block400.java_method#1#9,/home/gesad/PycharmProjects/Diff/befores/spymemcached/before_8644_1/src/test/java/net/spy/memcached/vbucket/BucketMonitorPipelineFactoryTest.java_testGetPipeline#19#32
block160.java_method#1#31,/home/gesad/PycharmProjects/Diff/befores/spymemcached/before_8644_1/src/main/java/net/spy/memcached/protocol/couch/ReducedOperationImpl.java_parseReducedViewResult#44#74,/home/gesad/PycharmProjects/Diff/befores/spymemcached/before_8644_1/src/main/java/net/spy/memcached/protocol/couch/NoDocsOperationImpl.java_parseNoDocsViewResult#44#75,/home/gesad/PycharmProjects/Diff/befores/spymemcached/before_8644_1/src/main/java/net/spy/memcached/protocol/couch/DocsOperationImpl.java_parseDocsViewResult#43#74
block304.java_method#1#10,/home/gesad/PycharmProjects/Diff/befores/spymemcached/before_8644_1/src/test/java/net/spy/memcached/CASMutatorTest.java_setUp#16#25
block354.java_method#1#12,/home/gesad/PycharmProjects/Diff/befores/spymemcached/before_8644_1/src/test/java/net/spy/memcached/TimeoutNowriteTest.java_initClient#22#34,/home/gesad/PycharmProjects/Diff/befores/spymemcached/before_8644_1/src/test/java/net/spy/memcached/TimeoutTest.java_initClient#11#23
block368.java_method#1#11,/home/gesad/PycharmProjects/Diff/befores/spymemcached/before_8644_1/src/test/java/net/spy/memcached/VBucketMemcachedClientTest.java_testOps#16#43
block305.java_method#1#8,/home/gesad/PycharmProjects/Diff/befores/spymemcached/before_8644_1/src/test/java/net/spy/memcached/CASMutatorTest.java_testConcurrentCAS#32#38
block117.java_method#1#6,/home/gesad/PycharmProjects/Diff/befores/spymemcached/before_8644_1/src/main/java/net/spy/memcached/protocol/binary/BinaryMemcachedNodeImpl.java_BinaryMemcachedNodeImpl#24#30
